{
  "accuracy": 0.772,
  "classification_report": {
    "1st Level Onlinetools": {
      "precision": 0.8461538461538461,
      "recall": 0.7857142857142857,
      "f1-score": 0.8148148148148148,
      "support": 14.0
    },
    "Account clarification": {
      "precision": 1.0,
      "recall": 0.6153846153846154,
      "f1-score": 0.7619047619047619,
      "support": 13.0
    },
    "Bank statement": {
      "precision": 0.625,
      "recall": 0.5263157894736842,
      "f1-score": 0.5714285714285714,
      "support": 19.0
    },
    "Calculations": {
      "precision": 0.8,
      "recall": 0.8,
      "f1-score": 0.8,
      "support": 15.0
    },
    "Call-back": {
      "precision": 0.8333333333333334,
      "recall": 0.7692307692307693,
      "f1-score": 0.8,
      "support": 13.0
    },
    "Cancellation": {
      "precision": 0.8,
      "recall": 0.9411764705882353,
      "f1-score": 0.8648648648648649,
      "support": 17.0
    },
    "Change customer data": {
      "precision": 0.6086956521739131,
      "recall": 0.7777777777777778,
      "f1-score": 0.6829268292682927,
      "support": 18.0
    },
    "Change in payment transactions": {
      "precision": 0.8571428571428571,
      "recall": 0.9473684210526315,
      "f1-score": 0.9,
      "support": 19.0
    },
    "Claims management": {
      "precision": 0.8333333333333334,
      "recall": 0.8333333333333334,
      "f1-score": 0.8333333333333334,
      "support": 12.0
    },
    "Compensation release": {
      "precision": 0.9230769230769231,
      "recall": 0.75,
      "f1-score": 0.8275862068965517,
      "support": 16.0
    },
    "Complaint": {
      "precision": 0.6666666666666666,
      "recall": 0.8571428571428571,
      "f1-score": 0.75,
      "support": 14.0
    },
    "Contract adjustment": {
      "precision": 0.8125,
      "recall": 0.8666666666666667,
      "f1-score": 0.8387096774193549,
      "support": 15.0
    },
    "Contract rewriting": {
      "precision": 0.9230769230769231,
      "recall": 0.7058823529411765,
      "f1-score": 0.8,
      "support": 17.0
    },
    "Credit item": {
      "precision": 0.5789473684210527,
      "recall": 0.7857142857142857,
      "f1-score": 0.6666666666666666,
      "support": 14.0
    },
    "Damage report/repair approval": {
      "precision": 0.8666666666666667,
      "recall": 0.8125,
      "f1-score": 0.8387096774193549,
      "support": 16.0
    },
    "Data extract": {
      "precision": 0.7647058823529411,
      "recall": 0.6842105263157895,
      "f1-score": 0.7222222222222222,
      "support": 19.0
    },
    "Devinculation": {
      "precision": 0.9,
      "recall": 0.9,
      "f1-score": 0.9,
      "support": 10.0
    },
    "Duplicate/KSV block": {
      "precision": 0.8,
      "recall": 0.8571428571428571,
      "f1-score": 0.8275862068965517,
      "support": 14.0
    },
    "FB Lustum/ beneficial owner": {
      "precision": 0.7142857142857143,
      "recall": 0.8823529411764706,
      "f1-score": 0.7894736842105263,
      "support": 17.0
    },
    "Financing balance credit": {
      "precision": 0.7272727272727273,
      "recall": 0.5714285714285714,
      "f1-score": 0.64,
      "support": 14.0
    },
    "Financing balance residual value leasing": {
      "precision": 0.5384615384615384,
      "recall": 0.5,
      "f1-score": 0.5185185185185185,
      "support": 14.0
    },
    "Follow-up Contract": {
      "precision": 0.7647058823529411,
      "recall": 0.8666666666666667,
      "f1-score": 0.8125,
      "support": 15.0
    },
    "Fuel card/maintenance": {
      "precision": 0.7857142857142857,
      "recall": 0.7333333333333333,
      "f1-score": 0.7586206896551724,
      "support": 15.0
    },
    "General contract information": {
      "precision": 1.0,
      "recall": 0.5714285714285714,
      "f1-score": 0.7272727272727273,
      "support": 7.0
    },
    "General enquiry/errors": {
      "precision": 0.9090909090909091,
      "recall": 0.9090909090909091,
      "f1-score": 0.9090909090909091,
      "support": 11.0
    },
    "HB & HBO": {
      "precision": 0.6923076923076923,
      "recall": 0.6923076923076923,
      "f1-score": 0.6923076923076923,
      "support": 13.0
    },
    "Insurance change": {
      "precision": 1.0,
      "recall": 0.6,
      "f1-score": 0.75,
      "support": 15.0
    },
    "Insurance offer": {
      "precision": 0.6956521739130435,
      "recall": 0.8421052631578947,
      "f1-score": 0.7619047619047619,
      "support": 19.0
    },
    "Liability Insurer": {
      "precision": 1.0,
      "recall": 0.7692307692307693,
      "f1-score": 0.8695652173913043,
      "support": 13.0
    },
    "Policy/endorsement/cover": {
      "precision": 0.75,
      "recall": 0.7894736842105263,
      "f1-score": 0.7692307692307693,
      "support": 19.0
    },
    "Sanierung ": {
      "precision": 0.7142857142857143,
      "recall": 0.9090909090909091,
      "f1-score": 0.8,
      "support": 11.0
    },
    "Third party purchase": {
      "precision": 0.68,
      "recall": 1.0,
      "f1-score": 0.8095238095238095,
      "support": 17.0
    },
    "Unsubscribe": {
      "precision": 0.8461538461538461,
      "recall": 0.6470588235294118,
      "f1-score": 0.7333333333333333,
      "support": 17.0
    },
    "Vinculation": {
      "precision": 0.8333333333333334,
      "recall": 0.625,
      "f1-score": 0.7142857142857143,
      "support": 8.0
    },
    "accuracy": 0.772,
    "macro avg": {
      "precision": 0.7967812726344177,
      "recall": 0.768356739503844,
      "f1-score": 0.7722465194076641,
      "support": 500.0
    },
    "weighted avg": {
      "precision": 0.788271384370778,
      "recall": 0.772,
      "f1-score": 0.7706693018967805,
      "support": 500.0
    }
  }
}